;Arg;Leu;Pro;Thr;Ala;Val;Gly;Ile;Phe;Tyr;Cys;His;Gln;Asn;Lys;Asp;Glu;Met;Trp
Ser;110;145;74;58;99;124;56;142;155;144;112;89;68;46;121;65;80;135;177
Arg;;102;103;71;112;96;125;97;97;77;180;29;43;86;26;96;54;91;101
Leu;;;98;92;96;32;138;5;22;36;198;99;113;153;107;172;138;15;61
Pro;;;;38;27;68;42;95;114;110;169;77;76;91;103;108;93;87;147
Thr;;;;;58;69;59;89;103;92;149;47;42;65;78;85;65;81;128
Ala;;;;;;64;60;94;113;112;195;86;91;111;106;126;107;84;148
Val;;;;;;;109;29;50;55;192;84;96;133;97;152;121;21;88
Gly;;;;;;;;135;153;147;159;98;87;80;127;94;98;127;184
Ile;;;;;;;;;21;33;198;94;109;149;102;168;134;10;61
Phe;;;;;;;;;;22;205;100;116;158;102;177;140;28;40
Tyr;;;;;;;;;;;194;83;99;143;85;160;122;36;37
Cys;;;;;;;;;;;;174;154;139;202;154;170;196;215
His;;;;;;;;;;;;;24;68;32;81;40;87;115
Gln;;;;;;;;;;;;;;46;53;61;29;101;130
Asn;;;;;;;;;;;;;;;94;23;42;142;174
Lys;;;;;;;;;;;;;;;;101;56;95;110
Asp;;;;;;;;;;;;;;;;;45;160;181
Glu;;;;;;;;;;;;;;;;;;126;152
Met;;;;;;;;;;;;;;;;;;;67
